{
  "swagger" : "2.0",
  "info" : {
    "title" : "TrackWizzFetchRecord",
    "version" : "1.0.0",
    "description" : "TrackWizzFetchRecord"
  },
  "paths" : {
    "/fetchecords" : {
      "post" : {
        "operationId" : "postFetchecords",
        "responses" : {
          "500" : {
            "description" : "The operation was successful.",
            "schema" : {
              "$ref" : "#/definitions/ErrorResponse"
            }
          },
          "200" : {
            "description" : "The operation was successful.",
            "schema" : {
              "$ref" : "#/definitions/ResponseFetchRecord"
            }
          }
        },
        "consumes" : [ "application/json" ],
        "produces" : [ "application/json" ],
        "description" : "Insert a fetchecords",
        "parameters" : [ {
          "name" : "body",
          "in" : "body",
          "schema" : {
            "$ref" : "#/definitions/RequestFetchRecord"
          },
          "description" : "The request body for the operation",
          "required" : true
        } ]
      }
    }
  },
  "basePath" : "/trackwizzfetchrecord/v1",
  "definitions" : {
    "RequestFetchRecord" : {
      "type" : "object",
      "properties" : {
        "request" : {
          "type" : "object",
          "properties" : {
            "header" : {
              "type" : "object",
              "properties" : {
                "requestUUID" : {
                  "type" : "string"
                },
                "channelId" : {
                  "type" : "string"
                }
              }
            },
            "body" : {
              "type" : "object",
              "properties" : {
                "trackWizzFetchRecordreq" : {
                  "type" : "object",
                  "properties" : {
                    "apiToken" : {
                      "type" : "string"
                    },
                    "parentCompany" : {
                      "type" : "string"
                    },
                    "downloadFromCkycRequestDetails" : {
                      "type" : "object",
                      "properties" : {
                        "ckycDownloadRequestDetail" : {
                          "type" : "object",
                          "properties" : {
                            "transactionId" : {
                              "type" : "string"
                            },
                            "recordIdentifier" : {
                              "type" : "string"
                            },
                            "applicationFormNo" : {
                              "type" : "string"
                            },
                            "branchCode" : {
                              "type" : "string"
                            },
                            "cKYCTransactionID" : {
                              "type" : "string"
                            },
                            "otp" : {
                              "type" : "string"
                            },
                            "apiTags" : {
                              "type" : "string"
                            },
                            "sourceSystem" : {
                              "type" : "string"
                            },
                            "sourceSystemSegment" : {
                              "type" : "string"
                            },
                            "remarks" : {
                              "type" : "string"
                            }
                          }
                        }
                      }
                    }
                  }
                }
              }
            }
          }
        }
      }
    },
    "ErrorResponse" : {
      "type" : "object",
      "properties" : {
        "response" : {
          "type" : "object",
          "properties" : {
            "header" : {
              "type" : "object",
              "properties" : {
                "requestUUID" : {
                  "type" : "string"
                },
                "channelId" : {
                  "type" : "string"
                },
                "status" : {
                  "type" : "string"
                }
              }
            },
            "body" : {
              "type" : "object",
              "properties" : {
                "error" : {
                  "type" : "object",
                  "properties" : {
                    "errorCode" : {
                      "type" : "string"
                    },
                    "errorDesc" : {
                      "type" : "string"
                    }
                  }
                }
              }
            }
          }
        }
      }
    },
    "ResponseFetchRecord" : {
      "type" : "object",
      "properties" : {
        "response" : {
          "type" : "object",
          "properties" : {
            "header" : {
              "type" : "object",
              "properties" : {
                "requestUUID" : {
                  "type" : "string"
                },
                "channelId" : {
                  "type" : "string"
                },
                "status" : {
                  "type" : "string"
                }
              }
            },
            "body" : {
              "type" : "object",
              "properties" : {
                "trakwizzfetchrecordResponse" : {
                  "type" : "object",
                  "properties" : {
                    "parentCompany" : {
                      "type" : "string"
                    },
                    "downloadFromCkycResponseDetails" : {
                      "type" : "object",
                      "properties" : {
                        "ckycDownloadResponseDetail" : {
                          "type" : "object",
                          "properties" : {
                            "transactionId" : {
                              "type" : "string"
                            },
                            "transactionStatus" : {
                              "type" : "string"
                            },
                            "ckycRecordCountDetails" : {
                              "type" : "object",
                              "properties" : {
                                "downloadCount" : {
                                  "type" : "string"
                                },
                                "updateCount" : {
                                  "type" : "string"
                                }
                              }
                            },
                            "ckycPersonalDetail" : {
                              "type" : "object",
                              "properties" : {
                                "recordIdentifier" : {
                                  "type" : "string"
                                },
                                "applicationFormNo" : {
                                  "type" : "string"
                                },
                                "branchCode" : {
                                  "type" : "string"
                                },
                                "sourceSystem" : {
                                  "type" : "string"
                                },
                                "sourceSystemSegment" : {
                                  "type" : "string"
                                },
                                "apiTags" : {
                                  "type" : "string"
                                },
                                "remarks" : {
                                  "type" : "string"
                                },
                                "ckycConstiType" : {
                                  "type" : "string"
                                },
                                "ckycAccType" : {
                                  "type" : "string"
                                },
                                "ckycNumber" : {
                                  "type" : "string"
                                },
                                "ckycReferenceID" : {
                                  "type" : "string"
                                },
                                "ckycNamePrefix" : {
                                  "type" : "string"
                                },
                                "ckycFirstName" : {
                                  "type" : "string"
                                },
                                "ckycMiddleName" : {
                                  "type" : "string"
                                },
                                "ckycLastName" : {
                                  "type" : "string"
                                },
                                "ckycFullName" : {
                                  "type" : "string"
                                },
                                "ckycMaidenNamePrefix" : {
                                  "type" : "string"
                                },
                                "ckycMaidenFirstName" : {
                                  "type" : "string"
                                },
                                "ckycMaidenMiddleName" : {
                                  "type" : "string"
                                },
                                "ckycMaidenLastName" : {
                                  "type" : "string"
                                },
                                "ckycMaidenFullName" : {
                                  "type" : "string"
                                },
                                "ckycFatherNamePrefix" : {
                                  "type" : "string"
                                },
                                "ckycFatherFirstName" : {
                                  "type" : "string"
                                },
                                "ckycFatherMiddleName" : {
                                  "type" : "string"
                                },
                                "ckycFatherLastName" : {
                                  "type" : "string"
                                },
                                "ckycFatherFullName" : {
                                  "type" : "string"
                                },
                                "ckycMotherNamePrefix" : {
                                  "type" : "string"
                                },
                                "ckycMotherFirstName" : {
                                  "type" : "string"
                                },
                                "ckycMotherMiddletName" : {
                                  "type" : "string"
                                },
                                "ckycMotherLastName" : {
                                  "type" : "string"
                                },
                                "ckycMotherFullName" : {
                                  "type" : "string"
                                },
                                "ckycGender" : {
                                  "type" : "string"
                                },
                                "ckycDOB" : {
                                  "type" : "string"
                                },
                                "ckycPAN" : {
                                  "type" : "string"
                                },
                                "ckycFormSixty" : {
                                  "type" : "string"
                                },
                                "ckycPerAdd1" : {
                                  "type" : "string"
                                },
                                "ckycPerAdd2" : {
                                  "type" : "string"
                                },
                                "ckycPerAdd3" : {
                                  "type" : "string"
                                },
                                "ckycPerAddCity" : {
                                  "type" : "string"
                                },
                                "ckycPerAddDistrict" : {
                                  "type" : "string"
                                },
                                "ckycPerAddState" : {
                                  "type" : "string"
                                },
                                "ckycPerAddCountry" : {
                                  "type" : "string"
                                },
                                "ckycPerAddPin" : {
                                  "type" : "string"
                                },
                                "ckycPerAddPOA" : {
                                  "type" : "string"
                                },
                                "ckycPerAddSameasCorAdd" : {
                                  "type" : "string"
                                },
                                "ckycCorAdd1" : {
                                  "type" : "string"
                                },
                                "ckycCorAdd2" : {
                                  "type" : "string"
                                },
                                "ckycCorAdd3" : {
                                  "type" : "string"
                                },
                                "ckycCorAddCity" : {
                                  "type" : "string"
                                },
                                "ckycCorAddDistrict" : {
                                  "type" : "string"
                                },
                                "ckycCorAddState" : {
                                  "type" : "string"
                                },
                                "ckycCorAddCountry" : {
                                  "type" : "string"
                                },
                                "ckycCorAddPin" : {
                                  "type" : "string"
                                },
                                "ckycCorAddPOA" : {
                                  "type" : "string"
                                },
                                "ckycResTelSTD" : {
                                  "type" : "string"
                                },
                                "ckycResTelNumber" : {
                                  "type" : "string"
                                },
                                "ckycOffTelSTD" : {
                                  "type" : "string"
                                },
                                "ckycOffTelNumber" : {
                                  "type" : "string"
                                },
                                "ckycMobileISD" : {
                                  "type" : "string"
                                },
                                "ckycMobileNumber" : {
                                  "type" : "string"
                                },
                                "ckycEmailAdd" : {
                                  "type" : "string"
                                },
                                "ckycRemarks" : {
                                  "type" : "string"
                                },
                                "ckycDateofDeclaration" : {
                                  "type" : "string"
                                },
                                "ckycPlaceofDeclaration" : {
                                  "type" : "string"
                                },
                                "ckycKYCVerificationDate" : {
                                  "type" : "string"
                                },
                                "ckycTypeofDocSubmitted" : {
                                  "type" : "string"
                                },
                                "ckycKYCVerificationName" : {
                                  "type" : "string"
                                },
                                "ckycKYCVerificationDesg" : {
                                  "type" : "string"
                                },
                                "ckycKYCVerificationBranch" : {
                                  "type" : "string"
                                },
                                "ckycKYCVerificationEmpcode" : {
                                  "type" : "string"
                                },
                                "residentialStatus" : {
                                  "type" : "string"
                                },
                                "ckycNumberofIds" : {
                                  "type" : "string"
                                },
                                "ckycNumberofRelatedPersons" : {
                                  "type" : "string"
                                },
                                "ckycNumberofImages" : {
                                  "type" : "string"
                                }
                              }
                            },
                            "ckycIDDetails" : {
                              "type" : "object",
                              "properties" : {
                                "ckycIdentity" : {
                                  "type" : "object",
                                  "properties" : {
                                    "ckycIDSequence" : {
                                      "type" : "string"
                                    },
                                    "ckycIDType" : {
                                      "type" : "string"
                                    },
                                    "ckycIDNumber" : {
                                      "type" : "string"
                                    },
                                    "ckycIDVerificationStatus" : {
                                      "type" : "string"
                                    }
                                  }
                                }
                              }
                            },
                            "ckycRelatedPersonDetails" : {
                              "type" : "object",
                              "properties" : {
                                "ckycRelatedPerson" : {
                                  "type" : "object",
                                  "properties" : {
                                    "ckycRPSequence" : {
                                      "type" : "string"
                                    },
                                    "ckycRPRelation" : {
                                      "type" : "string"
                                    },
                                    "ckycRPCKYCNumber" : {
                                      "type" : "string"
                                    },
                                    "ckycRPNamePrefix" : {
                                      "type" : "string"
                                    },
                                    "ckycRPFirstName" : {
                                      "type" : "string"
                                    },
                                    "ckycRPMiddleName" : {
                                      "type" : "string"
                                    },
                                    "ckycRPLastName" : {
                                      "type" : "string"
                                    },
                                    "ckycRPMaidenPrefix" : {
                                      "type" : "string"
                                    },
                                    "ckycRPMaidenFirstName" : {
                                      "type" : "string"
                                    },
                                    "ckycRPMaidenMiddleName" : {
                                      "type" : "string"
                                    },
                                    "ckycRPMaidenLastName" : {
                                      "type" : "string"
                                    },
                                    "ckycRPFatherOrSpouseFlag" : {
                                      "type" : "string"
                                    },
                                    "ckycRPFatherPrefix" : {
                                      "type" : "string"
                                    },
                                    "ckycRPFatherFirstName" : {
                                      "type" : "string"
                                    },
                                    "ckycRPFatherMiddleName" : {
                                      "type" : "string"
                                    },
                                    "ckycRPFatherLastName" : {
                                      "type" : "string"
                                    },
                                    "ckycRPMotherNamePrefix" : {
                                      "type" : "string"
                                    },
                                    "ckycRPMotherFirstName" : {
                                      "type" : "string"
                                    },
                                    "ckycRPMotherMiddleName" : {
                                      "type" : "string"
                                    },
                                    "ckycRPMotherLastName" : {
                                      "type" : "string"
                                    },
                                    "ckycRPDateOfBirth" : {
                                      "type" : "string"
                                    },
                                    "ckycRPGender" : {
                                      "type" : "string"
                                    },
                                    "ckycRPPerAdd1" : {
                                      "type" : "string"
                                    },
                                    "ckycRPPerAdd2" : {
                                      "type" : "string"
                                    },
                                    "ckycRPPerAdd3" : {
                                      "type" : "string"
                                    },
                                    "ckycRPPerAddCity" : {
                                      "type" : "string"
                                    },
                                    "ckycRPPerAddDistrict" : {
                                      "type" : "string"
                                    },
                                    "ckycRPPerAddState" : {
                                      "type" : "string"
                                    },
                                    "ckycRPPerAddCountry" : {
                                      "type" : "string"
                                    },
                                    "ckycRPPerAddPIN" : {
                                      "type" : "string"
                                    },
                                    "ckycRPPerAddPOA" : {
                                      "type" : "string"
                                    },
                                    "ckycRPPerAddSameasCorAdd" : {
                                      "type" : "string"
                                    },
                                    "ckycRPCorAdd1" : {
                                      "type" : "string"
                                    },
                                    "ckycRPCorAdd2" : {
                                      "type" : "string"
                                    },
                                    "ckycRPCorAdd3" : {
                                      "type" : "string"
                                    },
                                    "ckycRPCorAddCity" : {
                                      "type" : "string"
                                    },
                                    "ckycRPCorAddDistrict" : {
                                      "type" : "string"
                                    },
                                    "ckycRPCorAddState" : {
                                      "type" : "string"
                                    },
                                    "ckycRPCorAddCountry" : {
                                      "type" : "string"
                                    },
                                    "ckycRPCorAddPIN" : {
                                      "type" : "string"
                                    },
                                    "ckycRPCorAddPOA" : {
                                      "type" : "string"
                                    },
                                    "ckycRPResSTDCode" : {
                                      "type" : "string"
                                    },
                                    "ckycRPResTelNum" : {
                                      "type" : "string"
                                    },
                                    "ckycRPOffSTDCode" : {
                                      "type" : "string"
                                    },
                                    "ckycRPOffTelNum" : {
                                      "type" : "string"
                                    },
                                    "ckycRPMobCode" : {
                                      "type" : "string"
                                    },
                                    "ckycRPMobNum" : {
                                      "type" : "string"
                                    },
                                    "ckycRPEmail" : {
                                      "type" : "string"
                                    },
                                    "ckycRPRemarks" : {
                                      "type" : "string"
                                    },
                                    "ckycRPPhotoType" : {
                                      "type" : "string"
                                    },
                                    "ckycRPPhotoData" : {
                                      "type" : "string"
                                    },
                                    "ckycRPPerPOAType" : {
                                      "type" : "string"
                                    },
                                    "ckycRPPerPOAData" : {
                                      "type" : "string"
                                    },
                                    "ckycRPCorPOAType" : {
                                      "type" : "string"
                                    },
                                    "ckycRPCorPOAData" : {
                                      "type" : "string"
                                    },
                                    "ckycRPPAN" : {
                                      "type" : "string"
                                    },
                                    "ckycRPFormSixty" : {
                                      "type" : "string"
                                    },
                                    "ckycRPUID" : {
                                      "type" : "string"
                                    },
                                    "ckycRPVoterId" : {
                                      "type" : "string"
                                    },
                                    "ckycRPNREGA" : {
                                      "type" : "string"
                                    },
                                    "ckycRPPassportNumber" : {
                                      "type" : "string"
                                    },
                                    "ckycRPDrivingLicenceNumber" : {
                                      "type" : "string"
                                    },
                                    "ckycRPNPRLetter" : {
                                      "type" : "string"
                                    },
                                    "ckycRPOfflineVerficationAadhaar" : {
                                      "type" : "string"
                                    },
                                    "ckycRPeKYCAuthentication" : {
                                      "type" : "string"
                                    },
                                    "ckycRPForeignNationalID" : {
                                      "type" : "string"
                                    },
                                    "ckycRPDateofDeclaration" : {
                                      "type" : "string"
                                    },
                                    "ckycRPPlaceofDeclaration" : {
                                      "type" : "string"
                                    },
                                    "ckycRPKYCVerificationDate" : {
                                      "type" : "string"
                                    },
                                    "ckycRPTypeofDocSubmitted" : {
                                      "type" : "string"
                                    },
                                    "ckycRPKYCVerificationName" : {
                                      "type" : "string"
                                    },
                                    "ckycRPKYCVerificationDesg" : {
                                      "type" : "string"
                                    },
                                    "ckycRPKYCVerificationBranch" : {
                                      "type" : "string"
                                    },
                                    "ckycRPKYCVerificationEmpcode" : {
                                      "type" : "string"
                                    },
                                    "ckycRPResidentialStatus" : {
                                      "type" : "string"
                                    }
                                  }
                                }
                              }
                            },
                            "ckycImageDetails" : {
                              "type" : "object",
                              "properties" : {
                                "ckycImageSequence" : {
                                  "type" : "string"
                                },
                                "ckycImageExtension" : {
                                  "type" : "string"
                                },
                                "ckycImageType" : {
                                  "type" : "string"
                                },
                                "ckycImageGlobalorLocal" : {
                                  "type" : "string"
                                },
                                "ckycImageBranch" : {
                                  "type" : "string"
                                },
                                "ckycImageData" : {
                                  "type" : "string"
                                }
                              }
                            }
                          }
                        }
                      }
                    }
                  }
                }
              }
            }
          }
        }
      }
    }
  }
}